NODOS,TAMANNO
¡#FelizAñoNuevo para todos! ,61
¿Conoces las #tecnologías que empleamos,51
¿Conoces las últimas #tendencias en #diseñoweb?,37
¿Conoces nuestro portafolio de #productos?,29
¿Del 1 al 10 cuánto ama un #programador la web #StackOverflow? ,20
¿Estás listo para encargar tu #proyecto? ,18
¿Por qué escoger nuestro #GDSTransporte? ,32
¿Qué es #NodeJS y cuáles son sus principales #ventajas?,40
¿Sabes cuál es el #top10 de los lenguajes de #programación,20
¿Sabías que #FORTRAN fue el primer lenguaje de #programación real? ,13
¿Sabías que nuestro #GDSTurismo es el primer #sistema,24
¿Sabías que puedes #programar música ?? ?,24
¿Sabías que se prevé que el desarrollo #multiplataforma aumente en 2023?,31
Desarrollamos una #plataforma a la altura de tu negocio,35
"Desde Guajiritos, celebramos el #DíaDeLaCienciaCubana ",29
"Durante todo el año, nuestros #Clientes son nuestra #Prioridad",39
Etiqueta a tu #amigo que le gustaría #programar ?? en un escritorio así.,34
Guajiritos presente junto al @minturcuba en #Fitur2023,56
"Hedy Lamarr, de sex symbol a #InventoraSuperdotada",48
Servicio de #fotos y #audiovisuales,50
Tus #productos favoritos al alcance de un #clic,49
"Un día como hoy, pero de 2007, #Apple presentó el #iPhone1",41
